company_name,suggestion
appnexus Pvt Ltd,appnexus Pvt Ltd still have some loan cleared keep its risk it to low.
appnexus Pvt Ltd,dont show me the loan records
appnexus Pvt Ltd, show company summary first 
Kryium Technologies,dont show me the company_name
HCL Technologies,dont show me total exposure
HCL Technologies,show me repayment % first
HCL Technologies,show me the total exposure
HCL Technologies,shwo me loan reocrds before 2024 year only
HCL Technologies,"dont show me Defaulters, Fraud Detected and leagal issue."
HCL Technologies,List 5 risk factor for it
HCL Technologies,hide the company summary
HCL Technologies,show me the company summary.
HCL Technologies,show me summary.
AppNexus Pvt Ltd,I dont want to see the borrowers
AppNexus Pvt Ltd,Show me the loan records and i want to see replayment first before total exposure
"Sunstate Installations, Inc.",remove the company summary,2026-06-10T11:55:20.276809+00:00
"Sunstate Installations, Inc.",show the company summary.,2026-06-10T11:56:59.608803+00:00
"HDR Remodeling, Inc.",Don't Show the Loan Records,2026-06-14T08:57:18.410856+00:00
AlphaGrid Ltd,Show me extended summary from next time.,2026-06-14T08:59:51.330247+00:00
"APC Financial Group, LTD",He is an defaultor.,2026-06-15T07:16:42.177126+00:00
AppNexus Technologies,hide the summary detials,2026-06-16T05:42:58.224936+00:00
AppNexus Technologies,Hide the summary.,2026-06-16T05:43:07.022890+00:00
